payments,revenue,refund_amount,refund_ratio,pg_fee,contribution_before_variable_opex,within_72h_renewals,after_72h_renewals,main_expiries,sub_expiries,main_to_sub_conversions,renewal_rank_assessments,payback_qualifications,active_users_end,active_user_days,scenario
1438,41702000,1989400.0,0.047705146036161335,1559654.8,37822945.2,321,117,140,1298,59,20,136,0,37830.0,보수적
1430,41470000,1742900.0,0.04202797202797203,1550978.0,37846122.0,306,124,127,1303,64,16,119,0,37849.0,보수적
1448,41992000,2090900.0,0.04979281767955801,1570500.8,38000599.2,328,120,152,1296,77,17,143,0,38387.0,보수적
1463,42427000,2354800.0,0.05550239234449761,1586769.8,38155430.2,334,129,168,1295,77,18,160,0,38884.0,보수적
1398,40542000,1690700.0,0.04170243204577968,1516270.8,37005029.2,287,111,123,1275,53,8,116,0,36651.0,보수적
1438,41702000,1963300.0,0.04707927677329624,1559654.8,37849045.2,332,106,135,1303,57,13,133,0,37855.0,보수적
1395,40455000,1873400.0,0.046308243727598564,1513017.0,36738583.0,284,111,133,1262,52,19,128,0,36840.0,보수적
1441,41789000,2169200.0,0.051908396946564885,1562908.6,37726891.4,342,99,160,1281,71,13,149,0,38191.0,보수적
1502,43558000,2528800.0,0.058055925432756325,1629069.2000000002,39070130.8,369,133,180,1322,78,15,172,0,39776.0,보수적
1420,41180000,1945900.0,0.04725352112676056,1540132.0,37363968.0,308,112,140,1280,60,15,133,0,37357.0,보수적
1458,42282000,2030000.0,0.04801097393689986,1581346.8,38340653.2,342,116,142,1316,68,12,140,0,38547.0,보수적
1463,42427000,2163400.0,0.050991114149008886,1586769.8,38346830.2,349,114,158,1305,79,20,148,0,38627.0,보수적
1414,41006000,2021300.0,0.04929278642149929,1533624.4000000001,37121075.6,306,108,148,1266,68,17,137,0,37455.0,보수적
1464,42456000,2279400.0,0.05368852459016393,1587854.4000000001,38258745.6,337,127,166,1298,85,12,156,0,38690.0,보수적
1458,42282000,2209800.0,0.05226337448559671,1581346.8,38160853.2,318,140,156,1302,69,14,150,0,38623.0,보수적
1456,42224000,2293900.0,0.05432692307692308,1579177.6,38020922.4,325,131,166,1290,68,18,157,0,38695.0,보수적
1444,41876000,1899500.0,0.0453601108033241,1566162.4000000001,38080337.6,310,134,136,1308,59,16,131,0,38129.0,보수적
1466,42514000,1711000.0,0.04024556616643929,1590023.6,38882976.4,341,125,120,1346,48,9,118,0,38607.0,보수적
1473,42717000,2009700.0,0.04704684317718941,1597615.8,38779684.2,342,131,148,1325,68,11,138,0,39083.0,보수적
1433,41557000,1841500.0,0.04431263084438242,1554231.8,37831268.2,326,107,133,1300,63,15,124,0,37932.0,보수적
1478,42862000,2177900.0,0.05081190798376184,1603038.8,38751061.2,369,109,155,1323,67,14,149,0,39067.0,보수적
1464,42456000,2012600.0,0.047404371584699456,1587854.4000000001,38525545.6,351,113,147,1317,73,12,137,0,38503.0,보수적
1395,40455000,2227200.0,0.055053763440860215,1513017.0,36384783.0,304,91,157,1238,75,9,150,0,37010.0,보수적
1475,42775000,2041600.0,0.047728813559322035,1599785.0,38803615.0,341,134,144,1331,63,18,139,0,39054.0,보수적
1469,42601000,1792200.0,0.04206943498978897,1593277.4000000001,38885522.6,358,111,131,1338,63,5,123,0,38635.0,보수적
1487,43123000,2273600.0,0.0527236045729657,1612800.2000000002,38906599.8,342,145,163,1324,75,16,155,0,39174.0,보수적
1412,40948000,2462100.0,0.060127478753541075,1531455.2000000002,36624444.8,305,107,177,1235,73,12,168,0,37677.0,보수적
1455,42195000,2198200.0,0.052096219931271476,1578093.0,38088707.0,325,130,159,1296,69,24,151,0,38432.0,보수적
1493,43297000,2276500.0,0.052578700602813125,1619307.8,39071192.2,362,131,171,1322,88,20,157,0,39411.0,보수적
1435,41615000,2001000.0,0.04808362369337979,1556401.0,37727599.0,308,127,141,1294,64,16,135,0,37968.0,보수적
1412,40948000,2314200.0,0.05651558073654391,1531455.2000000002,36772344.8,297,115,161,1251,64,18,156,0,37502.0,보수적
1483,43007000,2088000.0,0.048550236008091704,1608461.8,38980538.2,345,138,149,1334,62,17,144,0,38987.0,보수적
1431,41499000,1925600.0,0.04640111809923131,1552062.6,37691337.4,306,125,136,1295,57,13,131,0,37836.0,보수적
1433,41557000,2082200.0,0.05010467550593161,1554231.8,37590568.2,309,124,151,1282,60,7,143,0,37623.0,보수적
1445,41905000,2473700.0,0.05903114186851211,1567247.0,37534053.0,332,113,179,1266,76,19,170,0,38370.0,보수적
1477,42833000,1821200.0,0.04251861882193636,1601954.2000000002,39079845.8,361,116,130,1347,67,13,125,0,38837.0,보수적
1457,42253000,2105400.0,0.04982841455044612,1580262.2000000002,38237337.8,339,118,152,1305,87,10,144,0,38511.0,보수적
1415,41035000,1856000.0,0.045229681978798585,1534709.0,37314291.0,294,121,134,1281,51,13,125,0,37421.0,보수적
1401,40629000,2082200.0,0.05124910778015703,1519524.6,36697275.4,293,108,151,1250,71,11,143,0,37003.0,보수적
1429,41441000,1998100.0,0.04821553533939818,1549893.4000000001,37563006.6,311,118,143,1286,69,15,136,0,37939.0,보수적
1450,42050000,1969100.0,0.04682758620689655,1572670.0,38178230.0,332,118,143,1307,59,12,134,0,38278.0,보수적
1458,42282000,1983600.0,0.04691358024691358,1581346.8,38387053.2,322,136,143,1315,68,17,135,0,38291.0,보수적
1443,41847000,2195300.0,0.05246015246015246,1565077.8,37756622.2,338,105,156,1287,66,18,149,0,37936.0,보수적
1412,40948000,1922700.0,0.04695467422096317,1531455.2000000002,37163844.8,312,100,140,1272,75,7,132,0,37508.0,보수적
1492,43268000,2047400.0,0.04731903485254692,1618223.2000000002,39272376.8,383,109,149,1343,80,14,140,0,39435.0,보수적
1440,41760000,2279400.0,0.05458333333333333,1561824.0,37588776.0,318,122,162,1278,71,21,156,0,37908.0,보수적
1449,42021000,2453400.0,0.058385093167701865,1571585.4000000001,37666014.6,329,120,175,1274,74,13,168,0,38643.0,보수적
1446,41934000,2134400.0,0.05089903181189488,1568331.6,37901268.4,336,110,150,1296,67,16,146,0,38374.0,보수적
1446,41934000,1792200.0,0.04273858921161826,1568331.6,38243468.4,312,134,126,1320,51,17,120,0,38005.0,보수적
1465,42485000,2349000.0,0.0552901023890785,1588939.0,38217061.0,348,117,170,1295,78,15,159,0,39048.0,보수적
1494,43326000,2003900.0,0.0462516733601071,1620392.4000000001,39371707.6,369,125,145,1349,68,15,137,0,39468.0,보수적
1456,42224000,1818300.0,0.04306318681318681,1579177.6,38496522.4,343,113,132,1324,56,10,123,0,38581.0,보수적
1445,41905000,2143100.0,0.05114186851211073,1567247.0,37864653.0,333,112,154,1291,62,14,146,0,38240.0,보수적
1493,43297000,2340300.0,0.05405224380442063,1619307.8,39007392.2,355,138,170,1323,83,21,159,0,39352.0,보수적
1434,41586000,1806700.0,0.04344490934449093,1555316.4000000001,37893983.6,300,134,130,1304,59,13,124,0,37922.0,보수적
1431,41499000,2009700.0,0.048427672955974846,1552062.6,37607237.4,303,128,141,1290,67,16,138,0,37856.0,보수적
1447,41963000,1740000.0,0.0414651002073255,1569416.2000000002,38323583.8,331,116,124,1323,55,11,120,0,38084.0,보수적
1429,41441000,2012600.0,0.048565430370888736,1549893.4000000001,37548506.6,322,107,140,1289,53,13,137,0,37730.0,보수적
1418,41122000,2018400.0,0.04908321579689704,1537962.8,37235637.2,322,96,148,1270,67,9,138,0,37387.0,보수적
1494,43326000,1928500.0,0.044511378848728245,1620392.4000000001,39447107.6,346,148,141,1353,69,9,133,0,39130.0,보수적
1420,41180000,2172100.0,0.05274647887323944,1540132.0,37137768.0,309,111,156,1264,75,11,148,0,37520.0,보수적
1460,42340000,1937200.0,0.04575342465753424,1583516.0,38489284.0,337,123,137,1323,69,15,133,0,38285.0,보수적
1466,42514000,2148900.0,0.050545702592087315,1590023.6,38445076.4,341,125,154,1312,70,20,147,0,38642.0,보수적
1456,42224000,2192400.0,0.051923076923076926,1579177.6,38122422.4,335,121,159,1297,77,11,150,0,38265.0,보수적
1460,42340000,2073500.0,0.04897260273972603,1583516.0,38352984.0,346,114,144,1316,54,20,140,0,38651.0,보수적
1516,43964000,2308400.0,0.052506596306068604,1644253.6,39681346.4,379,137,164,1352,75,14,158,0,40012.0,보수적
1435,41615000,2099600.0,0.050452961672473866,1556401.0,37628999.0,305,130,148,1287,66,11,143,0,37938.0,보수적
1428,41412000,2175000.0,0.052521008403361345,1548808.8,37358191.2,306,122,154,1274,76,15,147,0,37901.0,보수적
1486,43094000,2099600.0,0.04872139973082099,1611715.6,39052684.4,341,145,149,1337,64,16,143,0,39308.0,보수적
1425,41325000,2140200.0,0.051789473684210524,1545555.0,37309245.0,314,111,153,1272,83,14,144,0,37668.0,보수적
1444,41876000,2151800.0,0.05138504155124654,1566162.4000000001,37828037.6,315,129,154,1290,72,16,146,0,38143.0,보수적
1441,41789000,2372200.0,0.05676613462873005,1562908.6,37523891.4,329,112,175,1266,85,15,163,0,38211.0,보수적
1464,42456000,2337400.0,0.05505464480874317,1587854.4000000001,38200745.6,364,100,168,1296,78,15,160,0,38855.0,보수적
1456,42224000,2119900.0,0.05020604395604396,1579177.6,38194922.4,318,138,154,1302,60,20,145,0,38472.0,보수적
1450,42050000,2073500.0,0.04931034482758621,1572670.0,38073830.0,307,143,148,1302,73,17,140,0,38313.0,보수적
1442,41818000,2259100.0,0.05402219140083218,1563993.2000000002,37664906.8,323,119,162,1280,67,20,154,0,37997.0,보수적
1410,40890000,2035800.0,0.04978723404255319,1529286.0,36994914.0,292,118,142,1268,55,17,138,0,37269.0,보수적
1479,42891000,2030000.0,0.04732927653820149,1604123.4000000001,38926876.6,357,122,147,1332,71,13,140,0,39144.0,보수적
1448,41992000,2030000.0,0.04834254143646409,1570500.8,38061499.2,314,134,144,1304,73,19,140,0,38128.0,보수적
1452,42108000,2201100.0,0.05227272727272727,1574839.2000000002,38002060.8,336,116,159,1293,86,11,150,0,38557.0,보수적
1420,41180000,2259100.0,0.054859154929577464,1540132.0,37050768.0,302,118,162,1258,72,17,154,0,37533.0,보수적
1471,42659000,2285200.0,0.05356900067980965,1595446.6,38448353.4,343,128,161,1310,80,18,157,0,38980.0,보수적
1436,41644000,1974900.0,0.04742339832869081,1557485.6,37781614.4,316,120,142,1294,63,13,135,0,37886.0,보수적
1458,42282000,2056100.0,0.048628257887517144,1581346.8,38314553.2,339,119,148,1310,70,16,140,0,38600.0,보수적
1406,40774000,1908200.0,0.04679943100995733,1524947.6,37010852.4,309,97,136,1270,59,15,131,0,37242.0,보수적
1454,42166000,2172100.0,0.0515130674002751,1577008.4000000001,38086891.6,335,119,157,1297,78,17,148,0,38394.0,보수적
1444,41876000,2140200.0,0.05110803324099723,1566162.4000000001,37839637.6,332,112,158,1286,75,14,147,0,38295.0,보수적
1431,41499000,2082200.0,0.050174703004891685,1552062.6,37534737.4,302,129,147,1284,63,10,143,0,37779.0,보수적
1436,41644000,2009700.0,0.04825905292479109,1557485.6,37746814.4,304,132,142,1294,65,18,138,0,37954.0,보수적
1414,41006000,2032900.0,0.04957567185289958,1533624.4000000001,37109475.6,303,111,145,1269,59,15,139,0,37432.0,보수적
1384,40136000,2085100.0,0.05195086705202312,1501086.4000000001,36219813.6,290,94,149,1235,64,14,142,0,36488.0,보수적
1448,41992000,1867600.0,0.044475138121546964,1570500.8,38223899.2,323,125,132,1316,60,15,127,0,38047.0,보수적
1430,41470000,2056100.0,0.04958041958041958,1550978.0,37532922.0,334,96,149,1281,71,10,140,0,37867.0,보수적
1493,43297000,2180800.0,0.05036838580040188,1619307.8,39166892.2,363,130,159,1334,82,13,148,0,39383.0,보수적
1410,40890000,1882100.0,0.046028368794326244,1529286.0,37148614.0,293,117,130,1280,45,19,128,0,37298.0,보수적
1428,41412000,1948800.0,0.047058823529411764,1548808.8,37584391.2,308,120,140,1288,53,17,132,0,37690.0,보수적
1460,42340000,2096700.0,0.04952054794520548,1583516.0,38329784.0,331,129,148,1312,68,18,144,0,38648.0,보수적
1431,41499000,2032900.0,0.048986722571628234,1552062.6,37584037.4,323,108,144,1287,63,12,139,0,37991.0,보수적
1480,42920000,2047400.0,0.0477027027027027,1605208.0,38937392.0,344,136,149,1331,69,14,140,0,39194.0,보수적
1414,41006000,2009700.0,0.04900990099009901,1533624.4000000001,37132675.6,309,105,145,1269,62,21,138,0,37609.0,보수적
1937,56173000,2618700.0,0.04661848218895199,2100870.2,51123429.8,743,194,198,1738,129,23,180,1,51089.43332427285,기준
1882,54578000,2433100.0,0.04458023379383635,2041217.2000000002,49773682.8,703,179,179,1703,122,17,166,0,49948.0,기준
1990,57710000,2723100.0,0.047185929648241205,2158354.0,52498546.0,773,217,194,1795,122,27,186,1,52512.82880761644,기준
1949,56521000,3210300.0,0.056798358132375576,2113885.4000000004,50866814.6,750,199,239,1710,157,34,219,0,51823.0,기준
1887,54723000,2528800.0,0.046210916799152096,2046640.2000000002,49817559.8,700,187,179,1708,109,26,172,0,49632.0,기준
1943,56347000,2914500.0,0.05172413793103448,2107377.8000000003,50995122.2,752,191,210,1733,139,19,198,0,51390.0,기준
1973,57217000,2960900.0,0.05174860618347694,2139915.8000000003,51786184.2,747,226,214,1757,144,32,203,2,52418.17889618574,기준
1864,54056000,2966700.0,0.05488197424892704,2021694.4000000001,48737605.6,689,175,216,1648,138,26,204,0,49242.0,기준
2077,60233000,3610500.0,0.05994222436206066,2252714.2,54039785.8,859,218,262,1814,178,36,246,1,55028.75882085542,기준
1878,54462000,2670900.0,0.04904153354632588,2036878.8,49424221.2,673,205,193,1685,119,16,183,0,49301.0,기준
2005,58145000,3059500.0,0.05261845386533666,2174623.0,52580877.0,810,195,224,1779,156,22,208,2,52875.91552228886,기준
1902,55158000,2833300.0,0.05136698212407992,2062909.2000000002,49931790.8,706,196,210,1692,135,30,193,0,50050.0,기준
1859,53911000,2612900.0,0.04846691769768693,2016271.4000000001,48951828.6,682,177,191,1668,112,23,179,0,49309.0,기준
1971,57159000,2894200.0,0.050634195839675294,2137746.6,51797053.4,752,219,216,1755,130,28,196,0,52003.0,기준
2035,59015000,3198700.0,0.054201474201474205,2207161.0,53279139.0,809,226,234,1800,154,20,217,1,53797.52267568286,기준
2027,58783000,2946400.0,0.0501233349777997,2198484.2,53308115.8,812,215,216,1811,140,30,202,0,53766.0,기준
1894,54926000,2807200.0,0.051108764519535374,2054232.4000000001,49734567.6,716,178,201,1693,130,23,193,0,49967.0,기준
1924,55796000,2407000.0,0.04313929313929314,2086770.4000000001,50972229.6,743,181,179,1745,116,16,166,0,50691.0,기준
2008,58232000,3033400.0,0.052091633466135455,2177876.8000000003,52690723.2,822,186,218,1790,143,18,208,0,53378.0,기준
1915,55535000,2853600.0,0.05138381201044386,2077009.0000000002,50274391.0,743,173,212,1702,137,22,195,1,50862.63011403574,기준
2059,59711000,2958000.0,0.04953861097620204,2233191.4000000004,54189808.6,846,213,218,1841,139,28,201,0,54611.0,기준
1959,56811000,2746300.0,0.048340990301174065,2124731.4000000004,51609968.6,753,206,194,1765,132,24,187,0,51782.0,기준
1967,57043000,3587300.0,0.06288764616166752,2133408.2,50992291.8,743,224,268,1698,180,40,245,1,52497.48311876718,기준
1972,57188000,2786900.0,0.048732251521298176,2138831.2,51932268.8,779,193,206,1766,137,28,191,0,52400.0,기준
1919,55651000,2598400.0,0.04669098488796248,2081347.4000000001,50641252.6,731,188,189,1730,114,27,178,0,50593.0,기준
2013,58377000,3097200.0,0.05305514157973174,2183299.8000000003,52766500.2,815,198,226,1787,155,29,213,0,53358.0,기준
1917,55593000,3111700.0,0.05597287428273344,2079178.2000000002,50072121.8,753,164,228,1689,155,31,211,0,51271.0,기준
1995,57855000,2868100.0,0.04957393483709273,2163777.0,52493123.0,806,189,207,1788,140,20,196,0,52793.0,기준
1959,56811000,2792700.0,0.04915773353751914,2124731.4000000004,51563568.6,766,193,204,1755,133,22,192,0,51838.0,기준
1933,56057000,2644800.0,0.04718054837040869,2096531.8,50985668.2,736,197,194,1739,126,27,180,0,51002.0,기준
1938,56202000,3227700.0,0.05743034055727554,2101954.8000000003,50542345.2,744,194,231,1707,159,20,219,0,51448.0,기준
1983,57507000,2830400.0,0.0492183560262229,2150761.8000000003,52195838.2,777,206,198,1785,118,27,194,0,52029.0,기준
1837,53273000,2441800.0,0.04583560152422428,1992410.2000000002,48508789.8,656,181,176,1661,106,17,166,0,48716.0,기준
1926,55854000,2908700.0,0.052076843198338524,2088939.6,50526360.4,709,217,211,1715,130,38,200,0,50768.0,기준
1966,57014000,3059500.0,0.05366225839267548,2132323.6,51492176.4,771,195,220,1746,153,21,211,0,52101.0,기준
2064,59856000,2772400.0,0.04631782945736434,2238614.4000000004,54514985.6,827,237,206,1858,143,32,190,0,54123.0,기준
1930,55970000,2705700.0,0.048341968911917096,2093278.0000000002,50841022.0,762,168,199,1730,137,14,186,1,51007.5462325017,기준
1926,55854000,2572300.0,0.0460539979231568,2088939.6,50862760.4,713,213,192,1734,128,23,175,0,50670.0,기준
1909,55361000,2937700.0,0.05306443163960189,2070501.4000000001,50022798.6,701,208,214,1694,125,30,202,1,50403.606983773185,기준
1905,55245000,2598400.0,0.04703412073490813,2066163.0000000002,50250437.0,717,188,190,1714,127,25,178,1,50607.44454381746,기준
2012,58348000,2978300.0,0.05104373757455268,2182215.2,52857484.8,804,208,217,1795,144,20,203,0,53090.0,기준
1879,54491000,2728900.0,0.050079829696647156,2037963.4000000001,49394136.6,682,197,194,1685,130,24,187,0,49519.0,기준
1939,56231000,2891300.0,0.05141825683341929,2103039.4000000004,50906660.6,730,209,206,1732,120,29,197,1,51084.15807024917,기준
1889,54781000,2807200.0,0.05124404446797247,2048809.4000000001,49594990.6,704,185,207,1682,133,23,193,0,50182.0,기준
2018,58522000,2795600.0,0.04777006937561942,2188722.8000000003,53207677.2,813,205,204,1814,132,23,191,0,53321.0,기준
1979,57391000,2694100.0,0.04694290045477514,2146423.4000000004,52220476.6,760,219,197,1781,130,29,184,1,52080.631675587145,기준
1948,56492000,2998600.0,0.053080082135523614,2112800.8000000003,51050599.2,752,196,226,1721,137,27,205,1,51735.91647357675,기준
2002,58058000,2998600.0,0.051648351648351645,2171369.2,52558030.8,806,196,225,1777,150,33,205,0,53230.0,기준
1934,56086000,2407000.0,0.042916235780765255,2097616.4000000004,51251383.6,743,191,175,1759,113,22,163,0,50894.0,기준
1927,55883000,2697000.0,0.048261546445251685,2090024.2000000002,50765975.8,761,166,197,1729,137,20,183,1,51257.0267776415,기준
1922,55738000,2560700.0,0.0459417273673257,2084601.2000000002,50762698.8,735,187,192,1728,123,22,176,2,50726.74002249454,기준
1893,54897000,2476600.0,0.045113576333861594,2053147.8,50037252.2,707,186,178,1715,104,26,169,0,50046.0,기준
1916,55564000,2810100.0,0.0505741127348643,2078093.6,50345806.4,716,200,205,1711,131,31,192,0,50932.0,기준
2007,58203000,3175500.0,0.05455904334828102,2176792.2,52520707.8,813,194,225,1782,145,36,216,0,53132.0,기준
1887,54723000,2752100.0,0.05029146793852676,2046640.2000000002,49594259.8,726,161,206,1680,137,17,188,1,50075.92122035628,기준
1911,55419000,3013100.0,0.054369440083725795,2072670.6,50003229.4,718,193,217,1694,140,27,206,0,50576.0,기준
1978,57362000,2560700.0,0.04464105156723964,2145338.8000000003,52325961.2,763,215,188,1789,130,18,176,1,52068.120366486895,기준
1872,54288000,2665100.0,0.04909188034188034,2030371.2000000002,49262528.8,683,189,194,1678,122,15,182,0,49490.0,기준
1836,53244000,2540400.0,0.04771241830065359,1991325.6,48382274.4,677,159,191,1645,119,21,174,0,48485.0,기준
1963,56927000,2647700.0,0.046510443199184924,2129069.8000000003,51820230.2,779,184,197,1766,129,26,182,0,51311.0,기준
1890,54810000,2882600.0,0.052592592592592594,2049894.0000000002,49547506.0,712,178,210,1680,138,23,197,0,49977.0,기준
1960,56840000,2766600.0,0.0486734693877551,2125816.0,51617584.0,784,176,204,1754,141,19,189,2,51463.44684668288,기준
2024,58696000,2839100.0,0.0483695652173913,2195230.4000000004,53331669.6,811,213,208,1814,144,25,194,2,53410.57355921599,기준
1906,55274000,2633200.0,0.04763903462749213,2067247.6,50243552.4,719,187,192,1714,123,28,181,0,50201.0,기준
1907,55303000,2836200.0,0.05128474042999476,2068332.2000000002,50068467.8,712,195,205,1702,121,31,192,0,50479.0,기준
1977,57333000,3076900.0,0.053667172483560954,2144254.2,51781845.8,768,209,225,1752,128,35,211,0,52216.0,기준
1971,57159000,3013100.0,0.05271435819381025,2137746.6,51678153.4,784,187,221,1750,139,28,206,0,52129.0,기준
1941,56289000,2836200.0,0.05038639876352396,2105208.6,51017591.4,716,225,200,1741,133,24,192,0,51471.0,기준
1977,57333000,2760800.0,0.04815376833586242,2144254.2,52097945.8,786,191,201,1776,128,29,188,0,52017.0,기준
1931,55999000,2784000.0,0.04971517348524081,2094362.6,50790637.4,728,203,208,1723,141,25,189,0,51038.0,기준
1908,55332000,2963800.0,0.053563941299790356,2069416.8,49968783.2,732,176,219,1689,138,27,202,0,50494.0,기준
1921,55709000,3024700.0,0.05429463820926601,2083516.6,50270783.4,728,193,222,1699,154,29,208,0,51149.0,기준
1918,55622000,3047900.0,0.054796663190823776,2080262.8,50163837.2,723,195,219,1699,132,31,209,0,51062.0,기준
1926,55854000,2984100.0,0.053426791277258565,2088939.6,50450960.4,723,203,218,1708,138,23,204,0,51553.0,기준
1940,56260000,2798500.0,0.04974226804123711,2104124.0,51027376.0,738,202,199,1741,126,26,190,0,51474.0,기준
1956,56724000,3413300.0,0.06017382413087934,2121477.6,50859222.4,750,206,252,1704,158,46,233,0,51809.0,기준
1870,54230000,2914500.0,0.05374331550802139,2028202.0000000002,48957298.0,699,171,211,1659,131,25,198,0,49615.0,기준
1962,56898000,2749200.0,0.048318042813455656,2127985.2,51690814.8,762,200,201,1761,136,21,189,0,51881.0,기준
1916,55564000,2639000.0,0.04749478079331942,2078093.6,50516906.4,732,184,196,1719,116,27,182,1,50468.65904446759,기준
2023,58667000,3062400.0,0.05219970341077607,2194145.8000000003,53080454.2,806,217,225,1797,147,35,210,1,53790.81674854936,기준
1959,56811000,2844900.0,0.05007656967840735,2124731.4000000004,51511368.6,769,190,209,1749,151,18,195,1,51909.32648325619,기준
1998,57942000,2801400.0,0.04834834834834835,2167030.8000000003,52643569.2,792,206,208,1790,143,17,192,0,52918.0,기준
1913,55477000,2438900.0,0.04396236278097229,2074839.8,50633260.2,712,201,179,1734,127,21,167,0,50448.0,기준
1966,57014000,2801400.0,0.0491353001017294,2132323.6,51750276.4,748,218,210,1755,137,30,192,1,52128.212585308436,기준
1929,55941000,2644800.0,0.04727838258164852,2092193.4000000001,50874006.6,717,212,193,1735,131,20,180,1,51065.4548086275,기준
1910,55390000,2723100.0,0.04916230366492146,2071586.0000000002,50265314.0,698,212,200,1710,128,25,186,0,50542.0,기준
1890,54810000,2778200.0,0.050687830687830684,2049894.0000000002,49651906.0,707,183,205,1685,135,26,191,0,50039.0,기준
1842,53418000,2488200.0,0.04657980456026058,1997833.2000000002,48601966.8,674,168,184,1658,120,12,171,0,48839.0,기준
1920,55680000,2873900.0,0.05161458333333333,2082432.0000000002,50393668.0,712,208,203,1716,127,26,197,1,51104.26147111392,기준
1970,57130000,2844900.0,0.04979695431472081,2136662.0,51818438.0,762,208,208,1762,138,27,195,0,52030.0,기준
1905,55245000,2314200.0,0.04188976377952756,2066163.0000000002,50534637.0,712,193,174,1731,108,30,159,0,50243.0,기준
1868,54172000,2505600.0,0.04625267665952891,2026032.8,49310367.2,676,192,185,1683,122,15,171,0,49467.0,기준
1908,55332000,2940600.0,0.05314465408805032,2069416.8,49991983.2,729,179,217,1691,146,22,201,0,50635.0,기준
1996,57884000,2827500.0,0.04884769539078156,2164861.6,52561638.4,805,191,205,1791,134,28,192,0,52579.0,기준
1905,55245000,2331600.0,0.04220472440944882,2066163.0000000002,50517237.0,675,230,168,1737,104,20,159,0,50423.0,기준
1823,52867000,2412800.0,0.04563905650027427,1977225.8,48146974.2,641,182,176,1647,109,26,164,0,48220.0,기준
1955,56695000,2888400.0,0.0509462915601023,2120393.0,51356207.0,748,207,212,1743,141,25,198,0,51691.0,기준
1870,54230000,2380900.0,0.043903743315508025,2028202.0000000002,49490898.0,683,187,173,1697,106,22,163,0,49439.0,기준
1948,56492000,2612900.0,0.04625256673511294,2112800.8000000003,51436299.2,733,215,196,1752,119,30,179,0,51520.0,기준
1997,57913000,2978300.0,0.0514271407110666,2165946.2,52438753.8,774,223,215,1781,141,30,203,1,53147.09394749288,기준
2932,85028000,3796100.0,0.04464529331514325,3180047.2,77721852.8,1485,448,291,2638,242,27,260,3,77232.69397914679,강한 유지
3215,93235000,4254300.0,0.0456298600311042,3486989.0000000005,85163711.0,1779,438,318,2888,259,29,291,9,85376.30081039113,강한 유지
3096,89784000,4234000.0,0.047157622739018086,3357921.6,81862078.4,1627,470,312,2769,248,35,289,15,81471.53457945779,강한 유지
3057,88653000,4634200.0,0.05227347072293098,3315622.2,80373177.8,1621,438,347,2705,272,33,316,5,81192.76031695108,강한 유지
3067,88943000,4274600.0,0.04805999347896968,3326468.2,81011931.8,1615,452,319,2734,260,33,293,14,80934.1744226025,강한 유지
2968,86072000,3955600.0,0.04595687331536388,3219092.8000000003,78567307.2,1551,417,288,2671,228,29,268,9,77831.88440289738,강한 유지
3012,87348000,4335500.0,0.049634794156706505,3266815.2,79415684.8,1554,458,318,2685,264,28,296,9,79500.10909657035,강한 유지
3072,89088000,4263000.0,0.0478515625,3331891.2,81163108.8,1590,485,316,2748,241,42,291,8,81129.7937181918,강한 유지
3125,90625000,4680600.0,0.051648,3389375.0000000005,82225025.0,1702,423,347,2766,261,43,318,12,82348.24091168781,강한 유지
2954,85666000,4297800.0,0.05016926201760325,3203908.4000000004,77834291.6,1562,393,320,2627,269,22,294,7,78152.0881730103,강한 유지
3130,90770000,4651600.0,0.05124600638977636,3394798.0000000005,82393602.0,1696,435,349,2771,275,34,319,10,82767.17453235765,강한 유지
3083,89407000,4422500.0,0.04946480700616283,3343821.8000000003,81310678.2,1641,445,334,2743,268,31,302,6,81208.20932113689,강한 유지
3011,87319000,4181800.0,0.04789106609099967,3265730.6,79541469.4,1579,432,313,2686,253,29,286,12,79459.15424473827,강한 유지
3166,91814000,4718300.0,0.05138976626658244,3433843.6,83331856.4,1722,444,353,2799,294,19,323,14,83467.18584418549,강한 유지
3035,88015000,4747300.0,0.05393739703459637,3291761.0000000005,79645939.0,1634,402,342,2684,257,39,322,9,80113.9005402933,강한 유지
3072,89088000,4674800.0,0.052473958333333334,3331891.2,80751308.8,1638,434,344,2720,274,34,320,8,81630.34311493518,강한 유지
3089,89581000,4190500.0,0.046778892845581094,3350329.4000000004,81710170.6,1617,472,315,2766,256,29,289,8,81309.538756302,강한 유지
3080,89320000,3909200.0,0.043766233766233766,3340568.0000000005,81740232.0,1625,456,293,2773,222,39,269,14,81219.81586118446,강한 유지
3270,94830000,4608100.0,0.048593272171253823,3546642.0000000005,86345258.0,1782,489,344,2910,281,30,316,16,86777.11812122857,강한 유지
3094,89726000,4379000.0,0.04880413703943116,3355752.4000000004,81661247.6,1645,449,321,2761,262,32,296,12,81830.90792162562,강한 유지
3130,90770000,4584900.0,0.0505111821086262,3394798.0000000005,82460302.0,1668,463,330,2790,273,26,312,10,82989.23029736622,강한 유지
3016,87464000,4263000.0,0.04874005305039788,3271153.6,79599846.4,1592,424,311,2698,237,32,291,7,79287.43177785243,강한 유지
3074,89146000,4715400.0,0.05289525048796356,3334060.4000000004,80766539.6,1628,448,345,2718,279,32,321,11,81468.81050455254,강한 유지
3142,91118000,4732800.0,0.05194143857415659,3407813.2,82647386.8,1714,429,357,2766,286,38,324,19,83058.91541336646,강한 유지
3004,87116000,3984600.0,0.04573901464713715,3258138.4000000004,79543261.6,1582,423,300,2693,246,29,273,11,78992.83291060821,강한 유지
3096,89784000,4756000.0,0.05297157622739018,3357921.6,81340078.4,1684,412,348,2740,281,41,325,8,81822.36300155443,강한 유지
3066,88914000,4526900.0,0.05091324200913242,3325383.6,80731716.4,1609,458,340,2717,272,30,311,9,81641.75001052629,강한 유지
2947,85463000,4094800.0,0.04791313199864269,3196316.2,77841883.8,1524,424,306,2632,249,31,280,9,78088.5207363206,강한 유지
3132,90828000,4930000.0,0.05427841634738186,3396967.2,82171032.8,1676,456,364,2760,287,41,337,8,82634.77181351809,강한 유지
3062,88798000,4466000.0,0.050293925538863485,3321045.2,80680954.8,1654,409,328,2723,267,25,305,11,80929.54700424446,강한 유지
3099,89871000,4431200.0,0.04930622781542433,3361175.4000000004,81748624.6,1653,446,321,2772,256,27,302,6,81726.69366081235,강한 유지
3090,89610000,4289100.0,0.047864077669902916,3351414.0000000005,81639486.0,1686,404,321,2761,262,23,294,8,81189.56731342027,강한 유지
2984,86536000,4306500.0,0.049765415549597854,3236446.4000000004,78663053.6,1571,414,311,2662,239,29,294,11,79108.71748558246,강한 유지
3070,89030000,4497900.0,0.05052117263843648,3329722.0000000005,80872378.0,1655,417,333,2728,277,29,309,9,80853.7228925699,강한 유지
2949,85521000,4782100.0,0.05591726008816548,3198485.4000000004,77210414.6,1539,411,365,2580,287,34,328,4,78297.2980112446,강한 유지
3242,94018000,4370300.0,0.04648365206662554,3516273.2,85801426.8,1764,479,329,2905,264,35,299,8,85401.73950846485,강한 유지
3174,92046000,4463100.0,0.04848771266540643,3442520.4000000004,83810379.6,1751,425,342,2824,283,30,306,8,83753.78677049372,강한 유지
3046,88334000,4648700.0,0.05262639527248851,3303691.6,80051608.4,1623,425,345,2688,274,31,317,13,80398.52705250648,강한 유지
3017,87493000,4303600.0,0.04918793503480278,3272238.2,79587161.8,1577,442,325,2686,252,34,295,6,79693.16548324436,강한 유지
3025,87725000,4239800.0,0.048330578512396694,3280915.0000000005,79874285.0,1590,435,315,2702,252,28,290,8,80450.17614835428,강한 유지
3212,93148000,4634200.0,0.04975093399750934,3483735.2,84700064.8,1734,480,340,2863,272,39,313,9,84982.85685140105,강한 유지
3103,89987000,4199200.0,0.046664518208185624,3365513.8000000003,82092286.2,1661,443,309,2786,246,28,286,8,81470.52333507207,강한 유지
3045,88305000,4616800.0,0.052282430213464695,3302607.0000000005,80055593.0,1599,446,347,2689,263,47,316,9,79956.5420026696,강한 유지
2985,86565000,4234000.0,0.048911222780569516,3237531.0,78763469.0,1579,407,318,2656,265,27,292,11,79428.09102682353,강한 유지
3309,95961000,4921300.0,0.05128437594439408,3588941.4000000004,87120758.6,1826,485,357,2946,286,27,334,6,87620.33051267955,강한 유지
3128,90712000,4657400.0,0.051342710997442455,3392628.8000000003,82331971.2,1681,448,349,2765,278,34,317,14,82366.3081063952,강한 유지
3115,90335000,4651600.0,0.05149277688603531,3378529.0000000005,81974871.0,1661,454,351,2760,276,44,319,4,82560.25848015712,강한 유지
3011,87319000,4321000.0,0.049485220856858185,3265730.6,79402269.4,1584,428,320,2677,259,22,295,14,79594.39037232137,강한 유지
2955,85695000,4074500.0,0.047546531302876484,3204993.0,78085507.0,1546,411,299,2649,250,21,278,7,77724.48683332057,강한 유지
3006,87174000,4935800.0,0.05662009314703925,3260307.6,78647892.4,1596,410,371,2625,291,34,335,10,80156.23453067086,강한 유지
2966,86014000,4054200.0,0.0471341874578557,3216923.6,78412876.4,1548,419,299,2661,239,26,279,6,78738.88262069743,강한 유지
3110,90190000,4790800.0,0.05311897106109325,3373106.0000000005,81696094.0,1612,499,351,2745,282,35,328,14,82336.17578481187,강한 유지
3099,89871000,4367400.0,0.04859632139399806,3361175.4000000004,81812424.6,1683,417,327,2757,280,20,300,15,81956.2332340905,강한 유지
3061,88769000,4271700.0,0.04812152891212022,3319960.6,80847339.4,1588,473,317,2739,251,30,291,5,80520.95903250611,강한 유지
3197,92713000,4506600.0,0.048608070065686584,3467466.2,84408933.8,1738,463,330,2857,260,36,309,10,84546.78186763573,강한 유지
3221,93409000,4700900.0,0.05032598571872089,3493496.6,84884603.4,1747,476,357,2860,291,35,323,4,84958.27688816446,강한 유지
3022,87638000,3990400.0,0.045532759761747185,3277661.2,80039938.8,1625,397,301,2712,246,26,274,9,79655.62258671565,강한 유지
3079,89291000,4695100.0,0.052582007145177,3339483.4000000004,80926416.6,1602,478,343,2727,265,41,319,9,81516.56766271187,강한 유지
3020,87580000,4036800.0,0.04609271523178808,3275492.0000000005,79937708.0,1559,461,299,2714,238,32,276,7,79863.34747692577,강한 유지
3124,90596000,4274600.0,0.047183098591549295,3388290.4000000004,82603109.6,1699,425,315,2804,262,27,293,5,81588.77079298082,강한 유지
3038,88102000,4680600.0,0.053127057274522715,3295014.8000000003,79796385.2,1598,440,341,2688,285,23,321,9,80274.42065993907,강한 유지
3096,89784000,4161500.0,0.04635012919896641,3357921.6,81934578.4,1671,427,314,2771,249,29,284,11,81282.44058531731,강한 유지
3051,88479000,4503700.0,0.0509013438216978,3309114.6,80336185.4,1611,441,331,2711,263,32,307,9,80503.43349968962,강한 유지
3092,89668000,4439900.0,0.04951487710219923,3353583.2,81544516.8,1624,468,335,2751,258,43,305,6,81334.85334805532,강한 유지
3210,93090000,4526900.0,0.04862928348909657,3481566.0000000005,84751534.0,1747,466,331,2869,259,33,308,10,84679.78835810057,강한 유지
3009,87261000,4727000.0,0.05417082087072117,3263561.4000000004,78940438.6,1621,388,365,2637,294,32,323,7,79749.74989092324,강한 유지
3126,90654000,4268800.0,0.04708893154190659,3390459.6,82664740.4,1668,459,325,2791,277,23,292,10,82099.82093122847,강한 유지
3150,91350000,4959000.0,0.054285714285714284,3416490.0000000005,82644510.0,1713,437,372,2765,306,37,336,13,83359.59823288061,강한 유지
3155,91495000,4605200.0,0.05033280507131537,3421913.0000000005,83137887.0,1688,467,334,2809,263,38,314,12,83236.339612513,강한 유지
3078,89262000,4587800.0,0.05139701104613385,3338398.8000000003,81005801.2,1628,451,340,2730,263,36,311,8,81320.77063733042,강한 유지
3154,91466000,4515300.0,0.049365884590995564,3420828.4000000004,83199871.6,1715,441,335,2805,273,33,309,14,83085.18715544727,강한 유지
3133,90857000,4802400.0,0.05285668688158315,3398051.8000000003,82326548.2,1670,464,357,2766,291,35,330,10,83002.89670703007,강한 유지
3085,89465000,4941600.0,0.055235008103727716,3345991.0000000005,80847409.0,1651,434,362,2715,272,45,339,8,81894.00228895771,강한 유지
2929,84941000,4471800.0,0.052645954250597475,3176793.4000000004,76962406.6,1540,389,329,2593,263,34,306,7,77741.57453545963,강한 유지
3239,93931000,4889400.0,0.05205310280950911,3513019.4000000004,85198580.6,1778,465,367,2859,295,37,333,13,85460.68125500224,강한 유지
3093,89697000,4196300.0,0.04678305851923699,3354667.8000000003,81816032.2,1629,466,317,2768,252,37,287,8,81452.07512325396,강한 유지
3107,90103000,4692200.0,0.05207595751528806,3369852.2,81710947.8,1655,453,342,2752,278,31,320,13,82515.9279837596,강한 유지
3186,92394000,4260100.0,0.04610797237915882,3455535.6,84348364.4,1707,479,315,2858,263,26,292,13,84257.85955954908,강한 유지
3052,88508000,4413800.0,0.049868938401048495,3310199.2,80454000.8,1635,418,324,2722,255,32,302,6,80689.7396849322,강한 유지
3142,91118000,4460200.0,0.04894971355824316,3407813.2,82919986.8,1674,468,326,2803,261,39,307,13,83329.92472799793,강한 유지
3160,91640000,4579100.0,0.049968354430379745,3427336.0000000005,83303564.0,1707,453,346,2795,289,21,314,19,83402.07799182745,강한 유지
3048,88392000,4207900.0,0.04760498687664042,3305860.8000000003,80548239.2,1632,418,311,2732,259,19,289,5,80811.88892192452,강한 유지
3095,89755000,4425400.0,0.04930533117932149,3356837.0000000005,81642763.0,1639,456,331,2749,262,32,304,15,81368.48253893445,강한 유지
3118,90422000,4625500.0,0.05115458627325208,3381782.8000000003,82084717.2,1668,450,345,2765,276,38,316,8,82589.4473566336,강한 유지
3123,90567000,4210800.0,0.04649375600384246,3387205.8000000003,82638994.2,1664,460,312,2804,237,30,288,7,82176.06747271525,강한 유지
3021,87609000,4141200.0,0.04726911618669315,3276576.6,79861223.4,1561,461,307,2708,253,29,285,6,79757.09518871334,강한 유지
3159,91611000,4584900.0,0.050047483380816715,3426251.4000000004,83269848.6,1704,455,337,2811,265,41,315,11,83582.11328603467,강한 유지
2927,84883000,3767100.0,0.04437991117184831,3174624.2,77611275.8,1483,444,283,2637,224,30,258,7,77317.25812177951,강한 유지
3101,89929000,4181800.0,0.046501128668171555,3363344.6,82053855.4,1626,475,312,2780,247,38,286,9,82130.46641654008,강한 유지
2997,86913000,4408000.0,0.050717384050717386,3250546.2,78924453.8,1571,426,322,2669,262,31,301,6,79107.98465118014,강한 유지
3025,87725000,4129600.0,0.047074380165289254,3280915.0000000005,79984485.0,1610,415,303,2716,235,32,283,6,79934.25481847239,강한 유지
3032,87928000,4251400.0,0.048350923482849605,3288507.2,80058092.8,1574,458,314,2708,248,33,289,10,79735.99758238673,강한 유지
3040,88160000,4089000.0,0.04638157894736842,3297184.0000000005,80443816.0,1618,422,312,2718,264,27,279,10,80362.51549152118,강한 유지
3288,95352000,4692200.0,0.049209245742092456,3566164.8000000003,86763635.2,1801,487,351,2923,276,42,320,14,86467.21117152754,강한 유지
3113,90277000,4642900.0,0.05142948923867652,3376359.8000000003,81927740.2,1651,463,347,2757,282,31,316,9,83053.23601244169,강한 유지
3021,87609000,4474700.0,0.051075802714333,3276576.6,79527723.4,1583,440,327,2683,262,30,305,11,79830.67935441098,강한 유지
3124,90596000,4419600.0,0.04878361075544174,3388290.4000000004,82458109.6,1654,473,338,2775,261,40,303,11,82422.26961155728,강한 유지
3133,90857000,4596500.0,0.05059048834982445,3398051.8000000003,82532448.2,1673,460,344,2779,270,38,314,10,83011.75774498408,강한 유지
3003,87087000,4094800.0,0.04701964701964702,3257053.8000000003,79405146.2,1572,432,307,2690,256,30,280,6,79793.11505533362,강한 유지
3195,92655000,4741500.0,0.05117370892018779,3465297.0000000005,84118203.0,1759,436,357,2823,301,34,324,15,85047.69105309152,강한 유지
