refund_ratio,recipient_ratio,zero_pass_ratio,average_attacks,average_expiry_day,refund_50_ratio,refund_80_ratio,refund_100_ratio
0.0496,0.098,0.854,4.532,26.459,0.096,0.002,0.0
0.048299999999999996,0.096,0.858,4.387,26.477,0.095,0.001,0.0
0.0493,0.098,0.855,4.417,26.525,0.097,0.001,0.0
0.0502,0.098,0.866,4.786,26.3,0.094,0.004,0.0
0.0503,0.1,0.856,4.49,26.396,0.099,0.001,0.0
0.0456,0.09,0.833,4.469,26.385,0.088,0.002,0.0
0.0535,0.107,0.852,4.632,26.389,0.107,0.0,0.0
0.051,0.099,0.839,4.71,26.289,0.094,0.005,0.0
0.0431,0.085,0.858,4.517,26.429,0.083,0.002,0.0
0.0485,0.097,0.86,4.546,26.37,0.097,0.0,0.0
0.052,0.104,0.854,4.422,26.44,0.104,0.0,0.0
0.0518,0.103,0.86,4.378,26.52,0.102,0.001,0.0
0.0515,0.103,0.847,4.517,26.411,0.103,0.0,0.0
0.0425,0.085,0.858,4.328,26.483,0.085,0.0,0.0
0.048600000000000004,0.096,0.835,4.674,26.362,0.094,0.002,0.0
0.048299999999999996,0.096,0.865,4.567,26.387,0.095,0.001,0.0
0.039,0.078,0.865,4.676,26.322,0.078,0.0,0.0
0.047900000000000005,0.094,0.852,4.384,26.477,0.091,0.003,0.0
0.0451,0.089,0.851,4.376,26.458,0.087,0.002,0.0
0.0503,0.1,0.861,4.473,26.414,0.099,0.001,0.0
0.0572,0.112,0.852,4.782,26.35,0.108,0.004,0.0
0.05,0.1,0.862,4.397,26.453,0.1,0.0,0.0
0.0466,0.092,0.854,4.729,26.312,0.09,0.002,0.0
0.0583,0.116,0.85,4.57,26.439,0.115,0.001,0.0
0.0441,0.087,0.862,4.434,26.464,0.085,0.002,0.0
0.0538,0.107,0.858,4.529,26.403,0.106,0.001,0.0
0.0516,0.102,0.839,4.717,26.323,0.1,0.002,0.0
0.048799999999999996,0.097,0.857,4.581,26.462,0.096,0.001,0.0
0.0453,0.09,0.843,4.501,26.367,0.089,0.001,0.0
0.0508,0.101,0.854,4.506,26.423,0.1,0.001,0.0
0.0531,0.105,0.848,4.515,26.385,0.103,0.002,0.0
0.047799999999999995,0.095,0.858,4.491,26.449,0.094,0.001,0.0
0.047799999999999995,0.095,0.868,4.446,26.399,0.094,0.001,0.0
0.0456,0.09,0.85,4.63,26.337,0.088,0.002,0.0
0.048,0.096,0.856,4.576,26.374,0.096,0.0,0.0
0.0455,0.091,0.856,4.597,26.397,0.091,0.0,0.0
0.0505,0.101,0.869,4.365,26.458,0.101,0.0,0.0
0.0508,0.101,0.857,4.324,26.533,0.1,0.001,0.0
0.045,0.09,0.86,4.489,26.44,0.09,0.0,0.0
0.0474,0.093,0.864,4.497,26.402,0.09,0.003,0.0
0.04,0.08,0.835,4.457,26.442,0.08,0.0,0.0
0.0531,0.105,0.854,4.489,26.4,0.103,0.002,0.0
0.054400000000000004,0.107,0.853,4.654,26.354,0.104,0.003,0.0
0.052,0.101,0.85,4.825,26.286,0.096,0.005,0.0
0.0418,0.083,0.85,4.355,26.423,0.082,0.001,0.0
0.0436,0.086,0.854,4.511,26.428,0.084,0.002,0.0
0.046299999999999994,0.092,0.849,4.359,26.464,0.091,0.001,0.0
0.04990000000000001,0.098,0.852,4.492,26.39,0.095,0.003,0.0
0.0423,0.084,0.866,4.473,26.426,0.083,0.001,0.0
0.0503,0.1,0.853,4.484,26.45,0.099,0.001,0.0
0.0521,0.103,0.859,4.457,26.418,0.101,0.002,0.0
0.0611,0.118,0.852,4.82,26.339,0.111,0.007,0.0
0.0516,0.102,0.857,4.569,26.403,0.1,0.002,0.0
0.047299999999999995,0.094,0.855,4.478,26.463,0.093,0.001,0.0
0.0461,0.091,0.843,4.565,26.363,0.089,0.002,0.0
0.0425,0.085,0.867,4.58,26.387,0.085,0.0,0.0
0.0546,0.108,0.858,4.577,26.408,0.106,0.002,0.0
0.055400000000000005,0.109,0.846,4.725,26.343,0.106,0.003,0.0
0.058,0.116,0.854,4.642,26.433,0.116,0.0,0.0
0.0453,0.09,0.857,4.475,26.401,0.089,0.001,0.0
0.046,0.092,0.853,4.41,26.475,0.092,0.0,0.0
0.0535,0.107,0.854,4.483,26.405,0.107,0.0,0.0
0.0455,0.091,0.861,4.395,26.494,0.091,0.0,0.0
0.046799999999999994,0.093,0.852,4.41,26.422,0.092,0.001,0.0
0.0586,0.116,0.848,4.739,26.329,0.114,0.002,0.0
0.039,0.078,0.867,4.32,26.453,0.078,0.0,0.0
0.0518,0.103,0.85,4.557,26.402,0.102,0.001,0.0
0.0433,0.086,0.855,4.475,26.424,0.085,0.001,0.0
0.0505,0.101,0.843,4.579,26.398,0.101,0.0,0.0
0.048600000000000004,0.096,0.842,4.584,26.355,0.094,0.002,0.0
0.0438,0.087,0.86,4.518,26.442,0.086,0.001,0.0
0.0513,0.102,0.851,4.715,26.383,0.101,0.001,0.0
0.055600000000000004,0.11,0.853,4.556,26.4,0.108,0.002,0.0
0.048799999999999996,0.097,0.854,4.52,26.495,0.096,0.001,0.0
0.0545,0.109,0.832,4.64,26.405,0.109,0.0,0.0
0.0523,0.104,0.844,4.549,26.43,0.103,0.001,0.0
0.0466,0.092,0.844,4.621,26.333,0.09,0.002,0.0
0.047299999999999995,0.094,0.849,4.476,26.475,0.093,0.001,0.0
0.0506,0.1,0.848,4.639,26.371,0.098,0.002,0.0
0.0517,0.101,0.863,4.666,26.367,0.097,0.004,0.0
0.0461,0.091,0.838,4.378,26.425,0.089,0.002,0.0
0.048100000000000004,0.095,0.852,4.521,26.365,0.093,0.002,0.0
0.0493,0.098,0.856,4.402,26.488,0.097,0.001,0.0
0.0503,0.1,0.853,4.527,26.381,0.099,0.001,0.0
0.0511,0.101,0.844,4.753,26.287,0.099,0.002,0.0
0.054299999999999994,0.105,0.845,4.543,26.402,0.099,0.006,0.0
0.05240000000000001,0.103,0.852,4.554,26.412,0.1,0.003,0.0
0.052,0.104,0.853,4.598,26.401,0.104,0.0,0.0
0.0546,0.108,0.848,4.463,26.452,0.106,0.002,0.0
0.049,0.098,0.846,4.537,26.399,0.098,0.0,0.0
0.055299999999999995,0.11,0.861,4.402,26.476,0.109,0.001,0.0
0.043,0.086,0.856,4.648,26.394,0.086,0.0,0.0
0.054400000000000004,0.107,0.859,4.765,26.359,0.104,0.003,0.0
0.048100000000000004,0.095,0.835,4.567,26.388,0.093,0.002,0.0
0.047,0.094,0.847,4.63,26.346,0.094,0.0,0.0
0.05190000000000001,0.102,0.851,4.659,26.375,0.099,0.003,0.0
0.054700000000000006,0.107,0.842,4.552,26.415,0.103,0.004,0.0
0.054900000000000004,0.108,0.852,4.578,26.466,0.105,0.003,0.0
0.0511,0.101,0.847,4.512,26.394,0.099,0.002,0.0
0.0466,0.092,0.84,4.465,26.448,0.09,0.002,0.0
0.047,0.094,0.841,4.302,26.456,0.094,0.0,0.0
0.048100000000000004,0.095,0.852,4.798,26.359,0.093,0.002,0.0
0.048299999999999996,0.096,0.852,4.521,26.333,0.095,0.001,0.0
0.0555,0.111,0.849,4.68,26.452,0.111,0.0,0.0
0.0495,0.099,0.853,4.567,26.426,0.099,0.0,0.0
0.0445,0.089,0.855,4.435,26.435,0.089,0.0,0.0
0.0536,0.106,0.835,4.618,26.336,0.104,0.002,0.0
0.0465,0.093,0.861,4.533,26.388,0.093,0.0,0.0
0.05790000000000001,0.114,0.843,4.643,26.38,0.111,0.003,0.0
0.048100000000000004,0.095,0.856,4.561,26.373,0.093,0.002,0.0
0.052700000000000004,0.103,0.849,4.503,26.423,0.099,0.004,0.0
0.0633,0.126,0.853,4.754,26.302,0.125,0.001,0.0
0.05,0.1,0.848,4.625,26.393,0.1,0.0,0.0
0.039299999999999995,0.078,0.847,4.452,26.467,0.077,0.001,0.0
0.047400000000000005,0.093,0.859,4.388,26.417,0.09,0.003,0.0
0.0487,0.095,0.855,4.696,26.398,0.091,0.004,0.0
0.053,0.106,0.846,4.487,26.449,0.106,0.0,0.0
0.0465,0.093,0.858,4.626,26.377,0.093,0.0,0.0
0.0438,0.087,0.856,4.233,26.509,0.086,0.001,0.0
0.0465,0.093,0.846,4.558,26.388,0.093,0.0,0.0
0.055200000000000006,0.108,0.845,4.484,26.452,0.104,0.004,0.0
0.046799999999999994,0.093,0.853,4.523,26.457,0.092,0.001,0.0
0.05190000000000001,0.102,0.84,4.545,26.419,0.099,0.003,0.0
0.0438,0.087,0.851,4.548,26.425,0.086,0.001,0.0
0.048299999999999996,0.096,0.855,4.456,26.488,0.095,0.001,0.0
0.0536,0.106,0.862,4.629,26.362,0.104,0.002,0.0
0.0523,0.104,0.862,4.571,26.363,0.103,0.001,0.0
0.05090000000000001,0.1,0.849,4.538,26.455,0.097,0.003,0.0
0.048799999999999996,0.097,0.858,4.435,26.462,0.096,0.001,0.0
0.0441,0.087,0.838,4.586,26.417,0.085,0.002,0.0
0.0531,0.105,0.851,4.516,26.412,0.103,0.002,0.0
0.052,0.104,0.841,4.508,26.426,0.104,0.0,0.0
0.0511,0.101,0.848,4.673,26.332,0.099,0.002,0.0
0.040600000000000004,0.08,0.853,4.433,26.406,0.078,0.002,0.0
0.048100000000000004,0.095,0.846,4.609,26.364,0.093,0.002,0.0
0.0455,0.091,0.861,4.629,26.339,0.091,0.0,0.0
0.0511,0.101,0.857,4.378,26.493,0.099,0.002,0.0
0.0539,0.106,0.845,4.617,26.345,0.103,0.003,0.0
0.0506,0.1,0.858,4.615,26.382,0.098,0.002,0.0
0.052700000000000004,0.103,0.855,4.671,26.383,0.099,0.004,0.0
0.0449,0.088,0.862,4.709,26.301,0.085,0.003,0.0
0.046,0.092,0.852,4.376,26.53,0.092,0.0,0.0
0.0365,0.073,0.863,4.484,26.408,0.073,0.0,0.0
0.048299999999999996,0.096,0.855,4.536,26.383,0.095,0.001,0.0
0.0391,0.077,0.852,4.451,26.426,0.075,0.002,0.0
0.0516,0.102,0.861,4.603,26.374,0.1,0.002,0.0
0.0438,0.087,0.848,4.582,26.349,0.086,0.001,0.0
0.052,0.104,0.852,4.629,26.387,0.104,0.0,0.0
0.046799999999999994,0.093,0.843,4.506,26.365,0.092,0.001,0.0
0.0554,0.109,0.859,4.532,26.45,0.106,0.003,0.0
0.0551,0.109,0.849,4.793,26.36,0.107,0.002,0.0
0.040299999999999996,0.08,0.871,4.482,26.404,0.079,0.001,0.0
0.0536,0.106,0.844,4.596,26.386,0.104,0.002,0.0
0.0528,0.105,0.859,4.275,26.519,0.104,0.001,0.0
0.0546,0.108,0.866,4.464,26.469,0.106,0.002,0.0
0.054299999999999994,0.108,0.855,4.646,26.35,0.107,0.001,0.0
0.0435,0.087,0.868,4.307,26.452,0.087,0.0,0.0
0.052,0.104,0.867,4.567,26.398,0.104,0.0,0.0
0.0523,0.104,0.856,4.601,26.413,0.103,0.001,0.0
0.054400000000000004,0.107,0.848,4.675,26.407,0.104,0.003,0.0
0.047799999999999995,0.095,0.835,4.473,26.409,0.094,0.001,0.0
0.0518,0.1,0.86,4.65,26.358,0.094,0.006,0.0
0.0426,0.084,0.853,4.407,26.396,0.082,0.002,0.0
0.0595,0.119,0.852,4.477,26.472,0.119,0.0,0.0
0.0498,0.099,0.842,4.55,26.403,0.098,0.001,0.0
0.052,0.104,0.855,4.462,26.436,0.104,0.0,0.0
0.0471,0.093,0.86,4.669,26.418,0.091,0.002,0.0
0.0525,0.105,0.849,4.629,26.366,0.105,0.0,0.0
0.0551,0.109,0.839,4.672,26.336,0.107,0.002,0.0
0.056100000000000004,0.111,0.847,4.742,26.324,0.109,0.002,0.0
0.0495,0.099,0.856,4.573,26.403,0.099,0.0,0.0
0.0438,0.087,0.86,4.574,26.414,0.086,0.001,0.0
0.0523,0.104,0.854,4.734,26.368,0.103,0.001,0.0
0.060599999999999994,0.12,0.865,4.595,26.363,0.118,0.002,0.0
0.0546,0.108,0.849,4.673,26.363,0.106,0.002,0.0
0.0523,0.104,0.86,4.546,26.364,0.103,0.001,0.0
0.05190000000000001,0.102,0.85,4.666,26.391,0.099,0.003,0.0
0.046799999999999994,0.093,0.853,4.525,26.401,0.092,0.001,0.0
0.0475,0.095,0.848,4.603,26.41,0.095,0.0,0.0
0.0513,0.102,0.853,4.459,26.427,0.101,0.001,0.0
0.053,0.106,0.856,4.52,26.412,0.106,0.0,0.0
0.053,0.106,0.859,4.361,26.521,0.106,0.0,0.0
0.0531,0.105,0.844,4.697,26.388,0.103,0.002,0.0
0.05240000000000001,0.103,0.844,4.611,26.33,0.1,0.003,0.0
0.0407,0.079,0.847,4.61,26.316,0.075,0.004,0.0
0.0526,0.104,0.846,4.474,26.429,0.102,0.002,0.0
0.0546,0.108,0.853,4.35,26.492,0.106,0.002,0.0
0.0441,0.087,0.855,4.546,26.347,0.085,0.002,0.0
0.0456,0.09,0.862,4.606,26.409,0.088,0.002,0.0
0.0501,0.099,0.859,4.338,26.485,0.097,0.002,0.0
0.040400000000000005,0.079,0.857,4.439,26.42,0.076,0.003,0.0
0.0482,0.094,0.844,4.54,26.38,0.09,0.004,0.0
0.056100000000000004,0.111,0.859,4.552,26.436,0.109,0.002,0.0
0.055900000000000005,0.11,0.846,4.533,26.365,0.107,0.003,0.0
0.0448,0.089,0.844,4.618,26.329,0.088,0.001,0.0
0.0493,0.098,0.854,4.52,26.402,0.097,0.001,0.0
0.04,0.08,0.859,4.483,26.373,0.08,0.0,0.0
0.0458,0.091,0.836,4.471,26.415,0.09,0.001,0.0
0.0513,0.102,0.847,4.414,26.473,0.101,0.001,0.0
0.0416,0.082,0.854,4.663,26.335,0.08,0.002,0.0
